site	x	y	color
1	Heuneburg	9.41788866252458	48.0930219661432	#8DD3C7
2	Salins-les-Bains  5.89121445103583  46.9525297965931  #FFFFB3
3	Chatillon-sur-Glane	7.11005865061133	46.7716496956233	#BEBADA
4	Vix	4.53699887463977	47.908147151585	#FB8072
5	Breisach	7.59612748125337	47.9869322317134	#80B1D3
6	Bourges	2.39998099970292	47.0631728572155	#FDB462
